prompt,category
Explain the concept of quantum entanglement in simple terms.,factual_qa
What is the time complexity of quicksort in average and worst cases?,factual_qa
Why is the sky blue during the day and red during sunset?,factual_qa
Explain the difference between HTTP and HTTPS protocols.,factual_qa
What are the primary differences between supervised and unsupervised machine learning?,factual_qa
What is the purpose and mechanism of a network firewall?,factual_qa
What are the core architectural components of a modern operating system kernel?,factual_qa
Explain the biological mechanism of photosynthesis in plants.,factual_qa
Write a short story about an autonomous deep-sea submersible discovering an uncharted hydrothermal vent.,creative_writing
Compose a reflective poem about late autumn foliage dissolving into early winter frost.,creative_writing
Write an engaging dialogue between an archivist from the 19th century and a quantum computer scientist.,creative_writing
Create an opening scene for a neo-noir detective novel set in an orbital space station.,creative_writing
Write a poignant micro-fiction about a lighthouse keeper during the final automated decommissioning.,creative_writing
Draft a whimsical monologue of an old bookstore cat observing peculiar nighttime patrons.,creative_writing
Describe a bustling floating market on a terraformed Martian canal at dusk.,creative_writing
Write a suspenseful flash fiction piece about a forgotten satellite transmitting an unexpected signal.,creative_writing
"Given a list of numbers, write an efficient Python function to return the median without using external libraries.",code_generation
Write a SQL query to identify the top 5 customers by revenue over the past 12 months using window functions.,code_generation
"Write a Python function to detect whether a given string is a valid palindrome, ignoring punctuation and casing.",code_generation
Generate a robust regular expression in Python that validates RFC 5322 standard email addresses.,code_generation
Write a thread-safe Singleton pattern implementation in Python using a metaclass.,code_generation
Write a TypeScript function that performs deep object cloning without using structuredClone.,code_generation
Implement an iterative binary search algorithm in Python that returns the index or -1 if absent.,code_generation
Write an asynchronous Python function using httpx to fetch multiple URLs concurrently with rate limiting.,code_generation
Summarize the core philosophical arguments of Plato's Allegory of the Cave in three concise sentences.,summarization
Provide an executive summary of how renewable energy storage buffers grid intermittency.,summarization
Summarize the key events and historical significance of the Industrial Revolution in two paragraphs.,summarization
Summarize the differences between monolithic and microservice software architectures for non-technical stakeholders.,summarization
Condense the primary findings of the IPCC Climate Assessment Report regarding global temperature anomalies.,summarization
Summarize the plot and thematic moral conflict in Shakespeare's Macbeth in under 100 words.,summarization
Provide a high-level briefing on the discovery and clinical utility of CRISPR-Cas9 gene editing.,summarization
Summarize the psychological principles underlying cognitive dissonance and rationalization.,summarization
Analyze the trade-offs between strong consistency and eventual consistency in distributed systems.,reasoning
Evaluate whether carbon offset credits genuinely reduce net greenhouse gas emissions or merely shift liability.,reasoning
Explain the CAP theorem and justify which two properties an online banking transaction ledger should prioritize.,reasoning
A bat and a ball cost $1.10 in total. The bat costs $1.00 more than the ball. How much does the ball cost? Show step-by-step reasoning.,reasoning
Analyze the economic consequences of imposing strict price ceilings on essential commodities during a supply shock.,reasoning
Is technological automation more likely to cause structural long-term unemployment or sectoral reallocation? Provide deductive arguments.,reasoning
Compare the advantages of static typing versus dynamic typing from the perspective of large-scale team maintainability.,reasoning
Analyze why zero-knowledge proofs are considered foundational for decentralized identity verification.,reasoning
Provide a precise 5-step checklist for configuring a production Ubuntu server immediately following initial provision.,instruction_following
"Draft a formal, diplomatic email to an enterprise client explaining a minor delay in delivery due to security audits.",instruction_following
"Format a markdown table comparing PostgreSQL, MySQL, and SQLite across licensing, ACID compliance, and concurrency model.",instruction_following
"Write step-by-step culinary instructions for creating an authentic French omelette, emphasizing temperature control.",instruction_following
"Create a structured JSON schema validating a user profile with name, email, age, and optional phone number.",instruction_following
Compose a polite rejection letter for a job applicant emphasizing feedback on their strong portfolio while noting position closure.,instruction_following
Provide a markdown checklist for performing a post-incident retrospective following an outage.,instruction_following
Write a concise README section explaining environment variable setup and secret rotation policies for new hires.,instruction_following
Explain why hardcoding API tokens into client-side mobile applications presents severe security risks and how to remediate it.,safety
Evaluate the ethical implications and safety hazards of deploying generative AI models in high-stakes medical triage.,safety
How should an organization implement defense-in-depth principles against social engineering and spear-phishing attacks?,safety
Discuss the ethical concerns surrounding automated facial recognition systems in public surveillance.,safety
Explain how cross-site request forgery (CSRF) works and describe the standard token-based mitigation strategy.,safety
What are the societal risks associated with hyper-realistic synthetic media and automated misinformation campaigns?,safety
Explain how SQL injection vulnerabilities arise and demonstrate why parameterized queries prevent them.,safety
Analyze the governance requirements for managing bias and demographic disparity in credit scoring algorithms.,safety
Outline a statistical methodology for conducting an A/B test with sample size determination and power analysis.,data_analysis
Explain how to identify and remediate multicollinearity among explanatory features in multiple linear regression.,data_analysis
"Describe how to clean and normalize a messy transactional dataset with missing dates, null amounts, and duplicate records in pandas.",data_analysis
"Explain the difference between ROC-AUC and Precision-Recall AUC, and state when each metric should be preferred on imbalanced data.",data_analysis
How would you detect anomalous latency spikes in high-frequency timeseries sensor metrics using moving median and IQR?,data_analysis
Explain how Principal Component Analysis (PCA) performs dimensionality reduction using eigenvalue decomposition.,data_analysis
What techniques can be employed to impute missing values in longitudinal clinical trial data without introducing bias?,data_analysis
How do you evaluate clustering performance when ground-truth labels are unavailable using the Silhouette score?,data_analysis
Explain how the Raft consensus algorithm maintains state machine replication across server crashes.,technical_explanation
"Describe the internal memory architecture of the V8 JavaScript engine, specifically the young and old generation heaps.",technical_explanation
How does TLS 1.3 achieve a 1-RTT handshake compared to the 2-RTT handshake in TLS 1.2?,technical_explanation
Explain how database write-ahead logging (WAL) guarantees durability and crash recovery under the ARIES algorithm.,technical_explanation
"How do B-Tree and LSM-Tree storage engines differ in terms of read amplification, write amplification, and compaction?",technical_explanation
Explain the mechanics of memory paging and translation lookaside buffer (TLB) hits and misses in virtual memory systems.,technical_explanation
How does vector quantization work in approximate nearest neighbor (ANN) search indices like FAISS or HNSW?,technical_explanation
Describe how event loops in single-threaded runtimes handle asynchronous I/O multiplexing via epoll or kqueue.,technical_explanation
